<?xml version="1.0" encoding="UTF-8"?>
<feature
      id="org.eclipse.persistence.nosql"
      label="%featureName"
      version="@VERSION@.@QUALIFIER@"
      provider-name="%providerName">

   <description>
      %description
   </description>

   <copyright>
      %copyright
   </copyright>

   <license url="%licenseURL">
      %license
   </license>

   <url>
      <update label="%updateSiteName" url="%primaryUpdateURL"/>
      <discovery label="%secondaryUpdateSiteName" url="%secondaryUpdateURL"/>
   </url>

   <includes
         id="org.eclipse.persistence.jpa"
         version="@VERSION@.@QUALIFIER@"/>

   <!-- plugin
         id="javax.resource"
         download-size="0"
         install-size="0"
         version="@RESOURCE_VERSION@"
         unpack="false"/ -->

   <plugin
         id="org.eclipse.orbit.mongodb"
         download-size="0"
         install-size="0"
         version="@MONGODB_VERSION@"
         unpack="false"/>

   <plugin
         id="org.eclipse.persistence.nosql"
         download-size="0"
         install-size="0"
         version="@VERSION@.@QUALIFIER@"
         unpack="false"/>


   <plugin
         id="org.eclipse.persistence.oracle.nosql"
         download-size="0"
         install-size="0"
         version="@ORACLENOSQL_VERSION@"
         unpack="false"/>

</feature>
